INSERT INTO branch VALUES 
( 1 , 'Kanakari' , 15 , 'Patra' ),
( 2 , 'Karaiskaki' , 8 , 'Patra' ),
( 3 , 'Kolokotroni' , 20 , 'Patra' );

INSERT INTO worker VALUES
('AM97645856' , 'Giannhs' , 'Iwshfidhs' , 25000.0 , 1),
('AM21489321' , 'Vaggelhs' , 'Sakellariou' , 21000.0 , 2),
('AM65835794' , 'Giwrgos' , 'Papadopoulos' , 22000.0 , 3),
('AM44065920' , 'Iasonas' , 'Dervenakhs' , 23000.0 , 1),
('AM92569180' , 'Paraskevh' , 'Iwannidh' , 27000.0 , 2),
('AM34270662' , 'Iwanna' , 'Gewrgiou' , 27500.0 , 3),
('AM25323832' , 'Evaggelia' , 'Gewrgakopoulou' , 26000.0 , 1),
('AM50869584' , 'Kwstantina' , 'Gkioka' , 30000.0 , 2),
('AM59233506' , 'Iordanhs' , 'Vailas' , 28000.0 , 3),
('AM64589731' , 'Natalia' , 'Vasileiou' , 26000.0 , 1),
('AM68594712' , 'Nikos' , 'Cholevas' , 37000.0 , 2 ),
('AM71530946' , 'Anna' , 'Logotheti' , 35000.0 , 3),
('AM23459871' , 'Eleni' , 'Petropoulou' , 34000.0 , 1),
('AM34798612' , 'Petros' , 'Poulidis' , 40000.0 , 2),
('AM92387456' , 'Panagiotis' , 'Giannoulis' , 44000.0 , 3),
('AM87653412' , 'Kostantinos' , 'Kurtatos' , 38000.0 , 1),
('AM53298741' , 'Giogros' , 'Papandreou' , 39000.0 , 2),
('AM67452389' , 'Maria' , 'Anastasiou' , 33000.0 , 3),
('AM12784563' , 'Xristina' , 'Vasileiou' , 32000.0 , 1),
('AM45698723' , 'Vasiliki' , 'Sourmeli' , 45000.0 , 2),
('AM90623547' , 'Iwanna' , 'Mpouranta' , 20000.0 , 3),
('AM38790412' , 'Margarita' , 'Dionysiou' , 21000.0 , 1),
('AM72540986' , 'Eirini' ,  'Sigala' , 20500.0 , 2),
('AM45602389' , 'Maria' , 'Tsilivikou' , 21500.0 , 3),
('AM79034562' , 'Voula' , 'Krokida' , 23000.0 , 1),
('AM90762345' , 'Giwrgos' , 'Skiadas' , 19000.0 , 2),
('AM84650932' , 'Triantafyllos' , 'Gkovtzias' , 19500.0 , 3),
('AM39560741' , 'Antwnhs' , 'Vasileiou' , 18500.0 , 1),
('AM67892345' , 'Giwrgos' , 'Mpiniaris' , 18000.0 , 2),
('AM85734962' , 'Apostolis' , 'Lioritsis' , 17500.0 , 3),
('AM00000001' , 'Giannis' , 'Souliotis' , 50000.0 , 1),
('AM00000002' , 'Evi' , 'Panoy' , 70000.0 ,2),
('AM00000003' , 'Pantelis' , 'Mixalakis' , 60000.0 ,3);

INSERT INTO admin VALUES
('AM68594712' , 'LOGISTICS' , 'Bachelor of Business Administration in Logistics Management'),
('AM71530946' , 'LOGISTICS' , 'Bachelor of Business Administration in Logistics Management'),
('AM23459871' , 'LOGISTICS' , 'Bachelor of Business Administration in Cybersecurity Operations Management'),
('AM34798612' , 'ACCOUNTING' , 'Bachelor of Business Administration in Cybersecurity Operations Management'),
('AM92387456' , 'ACCOUNTING' , 'Bachelor in Logistics and Quality Management'),
('AM87653412' , 'ACCOUNTING' , 'Bachelor in Logistics and Quality Management'),
('AM53298741' , 'ACCOUNTING' , 'Bachelor in Logistics and Quality Management'),
('AM67452389' , 'ADMINISTRATIVE' , 'Bachelor in Logistics and Quality Management'),
('AM12784563' , 'ADMINISTRATIVE' , 'Bachelor in Logistics and Quality Management'),
('AM45698723' , 'ADMINISTRATIVE' , 'Bachelor in Logistics and Quality Management');

INSERT INTO driver VALUES
('AM97645856' , 'C' , 'LOCAL' , 40),
('AM21489321' , 'D' , 'LOCAL' , 50),
('AM65835794' , 'D' , 'LOCAL' , 25),
('AM44065920' , 'B' , 'ABROAD' , 70),
('AM92569180' , 'A' , 'ABROAD' , 90),
('AM34270662' , 'B' , 'LOCAL' , 60),
('AM25323832' , 'A' , 'ABROAD' , 80),
('AM50869584' , 'C' , 'LOCAL' , 35),
('AM59233506' , 'B' , 'LOCAL' , 30),
('AM64589731' , 'B' , 'LOCAL' , 45);

INSERT INTO guide VALUES
('AM90623547' , '5 years as a tour guide in Athens, specializing in ancient Greek history and architecture.'),
('AM38790412' , '3 years leading group tours through the Peloponnese, with a focus on ancient sites and modern culture.'),
('AM72540986' , '4 years as a guide in Santorini, offering customized tours of the island history, culture, and natural beauty.'),
('AM45602389' , '2 years as a guide in Thessaloniki, leading tours of the city museums, galleries, and cultural landmarks.'),
('AM79034562' , '1 year leading group tours of the Cyclades islands, with a focus on local traditions and cuisine.'),
('AM90762345' , '3 years as a guide in Crete, offering personalized tours of the island history, culture, and natural beauty.'),
('AM84650932' , '5 years as a guide in Rhodes, leading tours of the island ancient sites, beaches, and local culture.'),
('AM39560741' , '2 years leading group tours of the Peloponnese, with a focus on ancient history and modern culture.'),
('AM67892345' , '4 years as a guide in Corfu, offering customized tours of the island history, culture, and natural beauty.'),
('AM85734962' , '1 year leading group tours of the Cyclades islands, with a focus on local traditions and cuisine.');

INSERT INTO languages VALUES
('AM90623547' , 'English, Spanish, Greek'),
('AM38790412' , 'English, Russian, Greek'),
('AM72540986' , 'English, Italian, Greek'),
('AM45602389' , 'English, French, Greek'),
('AM79034562' , 'English, Spanish, Greek'),
('AM90762345' , 'English, Italian, Greek'),
('AM84650932' , 'English, Russian, Greek'),
('AM39560741' , 'English, German, Greek'),
('AM67892345' , 'English, French, Greek'),
('AM85734962' , 'English, Spanish, Greek');

INSERT INTO manages VALUES
('AM67452389' , 1),
('AM12784563' , 2),
('AM45698723' , 3);

INSERT INTO phones VALUES
( 1 , '2610276481' ),
( 2 , '2610897888' ),
( 3 , '2610474561' );

INSERT INTO trip VALUES
( NULL , '2023-01-01 12:00:00' , '2023-01-10 23:59:59' , 45 , 85.5 , 1 , 'AM38790412' , 'AM97645856'),
( NULL , '2023-01-15 08:00:00' , '2023-01-20 23:59:59' , 50 , 95, 2 , 'AM67892345' , 'AM21489321' ),
( NULL , '2023-01-22 10:00:00' , '2023-01-27 14:00:00' , 60 , 80 , 3 , 'AM85734962' , 'AM59233506' ),
( NULL , '2023-02-10 09:15:00' , '2023-02-17 15:30:59' , 60 , 100 , 1 , 'AM39560741' , 'AM25323832'),
( NULL , '2023-02-18 06:15:00' , '2023-02-22 22:30:59' , 65 , 70.5 , 2 , 'AM72540986' , 'AM92569180'),
( NULL , '2023-02-23 11:30:00' , '2023-02-28 19:30:00' , 55 , 75 , 3 , 'AM90623547' , 'AM65835794' ),
( NULL , '2023-03-01 09:30:00' , '2023-03-06 21:00:00' , 80 , 90 , 1 , 'AM67892345' , 'AM44065920' ),
( NULL , '2023-03-07 14:30:00' , '2023-03-12 08:15:59' , 100 , 118 , 3 , 'AM45602389' , 'AM34270662' ),
( NULL , '2023-03-15 17:30:00' , '2023-03-21 21:15:59' , 70 , 125 , 2 , 'AM90762345' , 'AM50869584'),
( NULL , '2023-04-02 14:00:00' , '2023-04-07 15:30:00' , 75 , 100 , 1 , 'AM38790412' , 'AM21489321'),
( NULL , '2023-04-10 21:45:00' , '2023-04-17 12:30:59' , 50 , 165 , 3 , 'AM84650932' , 'AM59233506' ),
( NULL , '2023-04-20 09:45:00' , ' 2023-04-25 22:30:59' , 75 , 130 , 3 , 'AM85734962' , 'AM65835794'),
( NULL , '2023-05-03 11:00:00' , '2023-05-09 13:30:00' , 90 , 90 , 3 , 'AM84650932' , 'AM34270662'),
( NULL , '2023-05-12 18:15:00' , '2023-05-19 06:45:59' , 80 , 150 , 1 , 'AM79034562' , 'AM44065920'),
( NULL , '2023-05-20 18:15:00' , '2023-05-27 06:45:59' , 26 , 200 , 1 , 'AM39560741' , 'AM64589731' ),
( NULL , '2023-06-01 10:55:00' , '2023-06-07 11:30:59' , 85 , 180 , 2 , 'AM67892345' , 'AM21489321'),
( NULL , '2023-06-08 14:55:00' , '2023-06-13 08:30:59' , 38 , 160 , 1 , 'AM79034562' , 'AM25323832' ),
( NULL , '2023-06-18 10:30:00' , '2023-06-25 16:00:00' , 49 , 95 , 2 , 'AM72540986' , 'AM92569180'),
( NULL , '2023-07-10 06:45:00' , '2023-07-17 12:15:59' , 26 , 100 , 2 , 'AM90762345' , 'AM50869584' ),
( NULL , '2023-07-20 06:45:00' , '2023-07-27 12:15:59' , 45 , 65 , 3 , 'AM90623547' ,  'AM34270662'),
( NULL , '2023-08-08 11:30:00' , '2023-08-13 19:45:59' , 50 , 60 , 1 , 'AM79034562' ,  'AM64589731'),
( NULL , '2023-08-15 10:30:00' , '2023-08-22 17:45:59' , 100 , 190 , 3 , 'AM85734962' , 'AM59233506' ),
( NULL , '2023-09-17 08:15:00' , '2023-09-23 11:15:00' , 120 , 170 , 2 , 'AM90762345' , 'AM92569180'),
( NULL , '2023-09-25 08:15:00' , '2023-10-02 22:30:59' , 65 , 95 , 2 , 'AM67892345' , 'AM21489321' ),
( NULL , '2023-10-01 10:30:00' , '2023-10-07 17:30:59' , 110 , 100 , 1 , 'AM38790412' , 'AM44065920'),
( NULL , '2023-10-10 11:00:00' , '2023-10-16 18:00:59' , 90 , 70 , 3 , 'AM90623547' , 'AM65835794'),
( NULL , '2023-10-21 15:30:00' , '2023-10-27 13:30:00' , 100 , 85 , 2 , 'AM72540986' , 'AM50869584'),
( NULL , '2023-11-01 21:45:00' , '2023-11-05 12:30:59' , 35 , 110 , 1 , 'AM38790412' , 'AM44065920' ),
( NULL , '2023-11-08 20:45:00' , '2023-11-13 12:30:59' , 75 , 80 , 3 , 'AM85734962' , 'AM65835794'),
( NULL , '2023-12-10 13:30:00' , '2023-12-19 19:00:00' , 80 , 90 , 2 , 'AM67892345' , 'AM92569180');

INSERT INTO event VALUES 
( NULL , '2023-01-02 09:00:00' , '2023-01-02 13:00:00' , 'Group sightseeing tour of the city' ),
( NULL , '2023-01-16 13:00:00' , '2023-01-16 15:00:00' , 'Wine tasting tour' ),
( NULL , '2023-01-23 19:00:00' , '2023-01-23 22:00:00' , 'Group dinner at a fancy restaurant' ),
( NULL , '2023-02-11 10:00:00' , '2023-02-12 18:00:00' , 'Visit to an amusement park' ),
( NULL , '2023-02-19 14:00:00' , '2023-02-16 17:00:00' , 'Group cooking' ),
( NULL , '2023-02-24 09:00:00' , '2023-03-03 13:00:00' , 'Escape room' ),
( NULL , '2023-03-02 10:00:00' , '2023-03-02 18:00:00' , 'Group boat' ),
( NULL , '2023-03-08 09:00:00' , '2023-03-08 13:00:00' , 'Group bike tour' ),
( NULL , '2023-03-16 14:00:00' , '2023-03-16 18:00:00' , 'Group tickets to a sports game' ),
( NULL , '2023-04-03 09:00:00' , '2023-04-03 13:00:00' , 'Group photo tour' ),
( NULL , '2023-04-11 09:00:00' , '2023-04-11 13:00:00' , 'Group skydiving' ),
( NULL , '2023-04-21 06:00:00' , '2023-04-21 08:00:00' , 'Group hot air balloon ride' ),
( NULL , '2023-05-04 09:00:00' , '2023-05-04 13:00:00' , 'Group spa day' ),
( NULL , '2023-05-13 09:00:00' , '2023-05-13 13:00:00' , 'Group horseback riding' ),
( NULL , '2023-05-21 09:00:00' , '2023-05-21 17:00:00' , 'Group skiing' ),
( NULL , '2023-06-02 09:00:00' , '2023-06-02 13:00:00' , 'Group whitewater rafting' ),
( NULL , '2023-06-09 09:00:00' , '2023-06-09 13:00:00' , 'Group scuba diving' ),
( NULL , '2023-06-19 09:00:00' , '2023-06-19 13:00:00' , 'Group educational experience by visiting local schools or workshops' ),
( NULL , '2023-07-11 19:00:00' , '2023-07-11 22:00:00' , 'Group concert' ),
( NULL , '2023-07-21 09:00:00' , '2023-07-21 13:00:00' , 'Group volunteering' ),
( NULL , '2023-08-11 12:30:00' , '2023-08-11 14:30:00' , 'Group adventure race'),
( NULL , '2023-08-19 16:30:00' , '2023-08-19 19:00:00' , 'Group Paintball or laser tag'),
( NULL , '2023-09-20 17:00:00' , '2023-09-20 18:30:00' , 'Group indoor rock climbing'),
( NULL , '2023-09-28 20:30:00' , '2023-09-28 22:00:00' , 'Group game room'),
( NULL , '2023-10-05 13:00:00' , '2023-10-05 15:00:00' , 'Group painting workshop'),
( NULL , '2023-10-12 21:00:00' , '2023-10-12 23:30:00' , 'Group theater night'),
( NULL , '2023-10-23 18:30:00' , '2023-10-23 20:00:00' , 'Group Go-Kart racing'),
( NULL , '2023-11-02 11:30:00' , '2023-11-02 13:30:00' , 'Group Ice-Skating'),
( NULL , '2023-11-10 19:00:00' , '2023-11-10 21:00:00' , 'Group trampoline park'),
( NULL , '2023-12-15 17:30:00' , '2023-12-15 20:00:00' , 'Group VR experience');

INSERT INTO destination VALUES
( NULL , 'ATHENS' , 'ATHENS,GREECE' , 'LOCAL','GREEK' ,  1 ),
( NULL , 'PATRA' , 'PATRA,GREECE' , 'LOCAL','GREEK' ,  2 ),
( NULL , 'THESSALONIKI' , 'THESSALONIKI,GREECE' , 'LOCAL' , 'GREEK', 3 ),
( NULL , 'VOLOS' , 'VOLOS,GREECE' , 'LOCAL' , 'GREEK' , 4 ),
( NULL , 'BUDAPEST' , 'BUDAPEST,HUNGARY' , 'ABROAD' , 'HUNGARIAN,ENGLISH' , 5 ),
( NULL , 'PARIS' , 'PARIS,FRANCE' , 'ABROAD' , 'FRENCH,ENGLISH' , 6 ),
( NULL , 'MADRID' , 'MADRID,SPAIN' , 'ABROAD' , 'SPANISH,ENGLISH' , 7 ),
( NULL , 'SANTORINI' , 'SANTORINI,GREECE' , 'LOCAL' , 'GREEK' , 8 ),
( NULL , 'MILANO' , 'MILANO,ITALY' , 'ABROAD' , 'ITALIAN,ENGLISH' , 9 ),
( NULL , 'PAROS' , 'PAROS,GREECE' , 'LOCAL' , 'GREEK' , 10 ),
( NULL , 'MILAN' , 'MILAN,ITALY' , 'ABROAD' , 'ITALIAN,ENGLISH' , 11 ),
( NULL , 'KRITI' , 'KRITI,GREECE' , 'LOCAL' , 'GREEK' , 12 ),
( NULL , 'NAXOS' , 'NAXOS,GREECE' , 'LOCAL' , 'GREEK' , 13 ),
( NULL , 'BERLIN' , 'BERLIN,GERMANY' , 'ABROAD' , 'GERMAN,ENGLISH' , 14 ),
( NULL , 'BRATISLAVA' , 'BRATISLAVA,SLOVAKIA' , 'ABROAD' , 'SLOVAK,ENGLISH' , 15 ),
( NULL , 'DUBLIN' , 'DUBLIN,IRELAND' , 'ABROAD' , 'ENGLISH' , 16 ),
( NULL , 'LISBON' , 'LISBON,PORTUGAL' , 'ABROAD' , 'PORTUGUESE,ENGLISH' , 17 ),
( NULL , 'LONDON' , 'LONDON,UK' , 'ABROAD' , 'ENGLISH' , 18 ),
( NULL , 'MOSCOW' , 'MOSCOW,RUSSIA' , 'ABROAD' , 'RUSSIAN,ENGLISH' , 19 ),
( NULL , 'OSLO' , 'OSLO,NORWAY' , 'ABROAD' , 'NORWEGIAN,ENGLISH' , 20 ),
( NULL , 'BARCELONA' , 'BARCELONA,SPAIN' , 'ABROAD' , 'SPANISH,ENGLISH' , 21),
( NULL , 'VIENNA' , 'VIENNA,AUSTRIA' , 'ABROAD' , 'GERMAN,ENGLISH' , 22),
( NULL , 'CANBERRA' , 'CANBERRA,AUSTRALIA' , 'ABROAD' , 'ENGLISH' , 23),
( NULL , 'BRUSSELS' , 'BRUSSELS,BELGIUM' , 'ABROAD' , 'DUTCH,FRENCH' , 24),
( NULL , 'NANTES' , 'NANTES,FRANCE' , 'ABROAD' , 'FRENCH,ENGLISH' , 25),
( NULL , 'MUNICH' , 'MUNICH,GERMANY' , 'ABROAD' , 'GERMAN,ENGLISH' , 26),
( NULL , 'MANCHESTER' , 'MANCHESTER,UK' , 'ABROAD' , 'ENLISH' , 27),
( NULL , 'LIVERPOOL' , 'LIVERPOOL,UK' , 'ABROAD' , 'ENGLISH' , 28),
( NULL , 'MYKONOS' , 'MYKONOS,GREECE' , 'LOCAL' , 'GREEK,ENGLISH' , 29),
( NULL , 'NICOSIA' , 'NICOSIA,CYPRUS' , 'ABROAD' , 'CYPRIOT,GREEK' , 30);

INSERT INTO travel_to VALUES
( NULL , 1 , '2023-01-01 15:00:00' , '2023-01-10 21:00:00' ),
( NULL , 2 , '2023-01-15 16:00:00' , '2023-01-20 16:00:00' ),
( NULL , 3 , '2023-01-22 20:00:00' , '2023-01-27 04:00:00' ),
( NULL , 4 , '2023-02-10 15:15:00' , '2023-02-17 09:00:00' ),
( NULL , 5 , '2023-02-17 13:15:00' , '2023-02-22 15:30:00' ),
( NULL , 6 , '2023-02-23 18:30:00' , '2023-02-28 12:30:00' ),
( NULL , 7 , '2023-03-01 16:30:00' , '2023-03-06 14:00:00' ),
( NULL , 8 , '2023-03-07 18:30:00' , '2023-03-12 04:15:00' ),
( NULL , 9 , '2023-03-16 02:30:00' , '2023-03-21 14:15:00' ),
( NULL , 10 , '2023-04-02 18:00:00' , '2023-04-07 11:30:00' ),
( NULL , 11 , '2023-04-10 04:45:00' , '2023-04-17 05:30:00' ),
( NULL , 12 , '2023-04-20 14:45:00' , '2023-04-25 17:30:00' ),
( NULL , 13 , '2023-05-03 15:00:00' , '2023-05-09 08:30:00' ),
( NULL , 14 , '2023-05-13 00:15:00' , '2023-05-19 00:45:00' ),
( NULL , 15 , '2023-05-20 01:15:00' , '2023-05-27 13:45:00' ),
( NULL , 16 , '2023-06-01 23:55:00' , '2023-06-07 18:30:00' ),
( NULL , 17 , '2023-06-08 22:55:00' , '2023-06-12 19:30:00' ),
( NULL , 18 , '2023-06-18 17:30:00' , '2023-06-25 09:00:00' ),
( NULL , 19 , '2023-07-10 12:45:00' , '2023-07-17 06:15:00' ),
( NULL , 20 , '2023-07-20 13:15:00' , '2023-07-27 05:15:00' ),
( NULL , 21 , '2023-08-08 21:30:00' , '2023-08-13 09:45:00' ),
( NULL , 22 , '2023-08-15 16:30:00' , '2023-08-22 11:45:00' ),
( NULL , 23 , '2023-09-18 04:15:00' , '2023-09-22 15:15:00' ),
( NULL , 24 , '2023-09-25 15:15:00' , '2023-10-02 15:30:00' ),
( NULL , 25 , '2023-10-01 17:30:00' , '2023-10-07 10:30:00' ),
( NULL , 26 , '2023-10-10 17:00:00' , '2023-10-16 12:00:00' ),
( NULL , 27 , '2023-10-21 23:30:00' , '2023-10-27 05:30:00' ),
( NULL , 28 , '2023-11-02 05:45:00' , '2023-11-05 04:30:00' ),
( NULL , 29 , '2023-11-09 00:45:00' , '2023-11-13 8:30:00' ),
( NULL , 30 , '2023-12-10 19:30:00' , '2023-12-19 13:00:00' );

INSERT INTO reservation VALUES
( NULL , 1 , 'KYRIAKOS' , 'LORENTZATOS' , 'MINOR' ),
( NULL , 2 , 'NIKOS' , 'NIKOLAOU' , 'MINOR' ),
( NULL , 3 , 'MARIA' , 'PANAGIOTOU' , 'ADULT' ),
( NULL , 4 , 'VASILIS' , 'VASILEIOU' , 'ADULT' ),
( NULL , 5 , 'ANNA' , 'KOROMILA' , 'MINOR' ),
( NULL , 6 , 'XRHSTOS' , 'KROKIDAS' , 'ADULT' ),
( NULL , 7 , 'DIONISIS' , 'MAVROTSOUKALOS' , 'ADULT' ),
( NULL , 8 , 'EUA' , 'PALAIOLOGOU' , 'ADULT' ),
( NULL , 9 , 'MARIA' , 'PANOU' , 'MINOR' ), 
( NULL , 10 , 'ALEKSANDRA' , 'KORINOU' , 'ADULT' ),
( NULL , 11 , 'PANOS' , 'DIAMANTIDIS' , 'MINOR' ),
( NULL , 12 , 'MATINA' , 'DIMITRIOU' , 'MINOR' ),
( NULL , 13 , 'GIANNHS' , 'EVAGELLOU' , 'ADULT' ),
( NULL , 14 , 'NONTAS' , 'PAPADIMITRIOU' , 'ADULT' ),
( NULL , 15 , 'IWANNA' , 'MALANOU' , 'MINOR' ),
( NULL , 16 , 'NIKOS' , 'MALATOS' , 'ADULT' ),
( NULL , 17 , 'ANASTASIA' , 'KOUDOUNA' , 'MINOR' ),
( NULL , 18 , 'TASOS' , 'VILLIOTIS' , 'ADULT' ),
( NULL , 19 , 'ELENH' , 'KARUWTH' , 'MINOR' ),
( NULL , 20 , 'THODORIS' , 'VEINOGLOU' , 'ADULT' ),
( NULL , 21 , 'EIRINI' , 'PAPANIKOLAOU' , 'MINOR' ),
( NULL , 22 , 'NASOS' , 'PERDIKOURIS' , 'ADULT' ),
( NULL , 23 , 'MARIA' , 'IOANNOU' , 'MINOR' ),
( NULL , 24 , 'DIMITRIS' , 'XATZOVOULOS' , 'ADULT' ),
( NULL , 25 , 'DIMITRA' , 'VENETSANOU' , 'MINOR' ),
( NULL , 26 , 'ANTREAS' , 'PANAGOPOULOS' , 'ADULT' ),
( NULL , 27 , 'ELEFTHERIA' , 'NANNOU' , 'MINOR' ),
( NULL , 28 , 'PANAGIWTHS' , 'GAVRIIL' , 'ADULT' ),
( NULL , 29 , 'ANTIGONI' , 'PARASKEVA' , 'MINOR' ),
( NULL , 30 , 'MIXALIS' , 'VOGIATZAKIS' , 'ADULT' );

INSERT INTO IT VALUES
('AM00000001', 'gsouliotis', '2015-04-22', '2015-04-22'),
('AM00000002', 'epanoy' , '2016-06-09', '2016-06-09'),
('AM00000003', 'pmixalakis', '2017-07-13', '2017-07-13');

INSERT INTO offers VALUES 
( 5, '2023-05-08', '2024-05-18', 250, 1),
( 10, '2024-03-07', '2024-03-26', 300, 2),
( 15, '2024-08-11', '2024-08-28', 275, 3);

LOAD DATA INFILE 'names.txt'		#Load toy temp_table apo to file names.txt	
INTO TABLE temp_table
CHARACTER SET latin1
FIELDS TERMINATED BY '\t'
LINES TERMINATED BY '\n'
(first_name , last_name);